{
  "info": {
    "name": "Document Classification API",
    "description": "API for document storage, classification, code and project management",
    "schema": "https://schema.getpostman.com/json/collection/v2.1.0/collection.json"
  },
  "variable": [
    {
      "key": "baseUrl",
      "value": "http://localhost:3000",
      "type": "string"
    }
  ],
  "item": [
    {
      "name": "Health",
      "item": [
        {
          "name": "Health Check",
          "request": {
            "method": "GET",
            "header": [],
            "url": {
              "raw": "{{baseUrl}}/api/health",
              "host": ["{{baseUrl}}"],
              "path": ["api", "health"]
            },
            "description": "Check if the API is running"
          },
          "response": [
            {
              "name": "Success",
              "status": "OK",
              "code": 200,
              "body": "{\n  \"status\": \"ok\"\n}"
            }
          ]
        }
      ]
    },
    {
      "name": "Projects",
      "item": [
        {
          "name": "Create Project",
          "request": {
            "method": "POST",
            "header": [
              {
                "key": "Content-Type",
                "value": "application/json"
              }
            ],
            "body": {
              "mode": "raw",
              "raw": "{\n  \"projectName\": \"My Research Project\",\n  \"projectDescription\": \"A qualitative research project\",\n  \"projectStatus\": \"active\",\n  \"projectHeader\": \"Research Header\",\n  \"projectSpecificMetadata\": {\n    \"category\": \"qualitative\",\n    \"tags\": [\"research\", \"interviews\"]\n  }\n}"
            },
            "url": {
              "raw": "{{baseUrl}}/api/projects",
              "host": ["{{baseUrl}}"],
              "path": ["api", "projects"]
            },
            "description": "Create a new project"
          },
          "response": []
        },
        {
          "name": "Get All Projects",
          "request": {
            "method": "GET",
            "header": [],
            "url": {
              "raw": "{{baseUrl}}/api/projects",
              "host": ["{{baseUrl}}"],
              "path": ["api", "projects"]
            },
            "description": "Get all projects with document_count and extraction_count"
          },
          "response": []
        },
        {
          "name": "Get Project by ID",
          "request": {
            "method": "GET",
            "header": [],
            "url": {
              "raw": "{{baseUrl}}/api/projects/:id",
              "host": ["{{baseUrl}}"],
              "path": ["api", "projects", ":id"],
              "variable": [
                {
                  "key": "id",
                  "value": "1",
                  "description": "The project ID"
                }
              ]
            },
            "description": "Get a single project by its ID"
          },
          "response": []
        },
        {
          "name": "Update Project",
          "request": {
            "method": "PUT",
            "header": [
              {
                "key": "Content-Type",
                "value": "application/json"
              }
            ],
            "body": {
              "mode": "raw",
              "raw": "{\n  \"project_name\": \"Updated Project Name\",\n  \"project_description\": \"Updated description\"\n}"
            },
            "url": {
              "raw": "{{baseUrl}}/api/projects/:id",
              "host": ["{{baseUrl}}"],
              "path": ["api", "projects", ":id"],
              "variable": [
                {
                  "key": "id",
                  "value": "1",
                  "description": "The project ID to update"
                }
              ]
            },
            "description": "Update a project"
          },
          "response": []
        },
        {
          "name": "Delete Project",
          "request": {
            "method": "DELETE",
            "header": [],
            "url": {
              "raw": "{{baseUrl}}/api/projects/:id",
              "host": ["{{baseUrl}}"],
              "path": ["api", "projects", ":id"],
              "variable": [
                {
                  "key": "id",
                  "value": "1",
                  "description": "The project ID to delete"
                }
              ]
            },
            "description": "Permanently delete a project"
          },
          "response": []
        }
      ]
    },
    {
      "name": "Document Storage",
      "item": [
        {
          "name": "Upload File",
          "request": {
            "method": "POST",
            "header": [],
            "body": {
              "mode": "formdata",
              "formdata": [
                {
                  "key": "file",
                  "type": "file",
                  "description": "The file to upload (.docx, .txt, .pdf)"
                }
              ]
            },
            "url": {
              "raw": "{{baseUrl}}/api/upload",
              "host": ["{{baseUrl}}"],
              "path": ["api", "upload"]
            },
            "description": "Upload a file to Supabase storage"
          },
          "response": []
        },
        {
          "name": "List Files",
          "request": {
            "method": "GET",
            "header": [],
            "url": {
              "raw": "{{baseUrl}}/api/files",
              "host": ["{{baseUrl}}"],
              "path": ["api", "files"]
            },
            "description": "List all files in the documents storage bucket"
          },
          "response": []
        },
        {
          "name": "Delete File",
          "request": {
            "method": "DELETE",
            "header": [],
            "url": {
              "raw": "{{baseUrl}}/api/files/:fileName",
              "host": ["{{baseUrl}}"],
              "path": ["api", "files", ":fileName"],
              "variable": [
                {
                  "key": "fileName",
                  "value": "document.docx",
                  "description": "The file name to delete"
                }
              ]
            },
            "description": "Delete a file from storage"
          },
          "response": []
        }
      ]
    },
    {
      "name": "Classification Documents",
      "item": [
        {
          "name": "Create Document Record",
          "request": {
            "method": "POST",
            "header": [
              {
                "key": "Content-Type",
                "value": "application/json"
              }
            ],
            "body": {
              "mode": "raw",
              "raw": "{\n  \"projectId\": 1,\n  \"filePath\": \"document.docx\",\n  \"documentName\": \"Interview 1\",\n  \"metadata\": {\n    \"author\": [\"John Doe\"],\n    \"category\": [\"interview\"]\n  }\n}"
            },
            "url": {
              "raw": "{{baseUrl}}/api/classification/documents",
              "host": ["{{baseUrl}}"],
              "path": ["api", "classification", "documents"]
            },
            "description": "Create a classification document record with content extraction"
          },
          "response": []
        },
        {
          "name": "Get Documents by Project",
          "request": {
            "method": "GET",
            "header": [],
            "url": {
              "raw": "{{baseUrl}}/api/classification/documents/project/:projectId?role=School_admin",
              "host": ["{{baseUrl}}"],
              "path": ["api", "classification", "documents", "project", ":projectId"],
              "query": [
                {
                  "key": "role",
                  "value": "School_admin",
                  "description": "Filter by metadata field (AND logic for multiple values)"
                }
              ],
              "variable": [
                {
                  "key": "projectId",
                  "value": "1",
                  "description": "The project ID"
                }
              ]
            },
            "description": "Get documents by project with optional metadata filtering"
          },
          "response": []
        },
        {
          "name": "Get Document by ID",
          "request": {
            "method": "GET",
            "header": [],
            "url": {
              "raw": "{{baseUrl}}/api/classification/documents/:id",
              "host": ["{{baseUrl}}"],
              "path": ["api", "classification", "documents", ":id"],
              "variable": [
                {
                  "key": "id",
                  "value": "1",
                  "description": "The document ID"
                }
              ]
            },
            "description": "Get a single classification document by ID"
          },
          "response": []
        },
        {
          "name": "Update Document",
          "request": {
            "method": "PUT",
            "header": [
              {
                "key": "Content-Type",
                "value": "application/json"
              }
            ],
            "body": {
              "mode": "raw",
              "raw": "{\n  \"gender\": \"female\",\n  \"location\": \"New York\",\n  \"documentName\": \"Updated Name\",\n  \"metadata\": {\n    \"role\": [\"Teacher\", \"Parent\"]\n  }\n}"
            },
            "url": {
              "raw": "{{baseUrl}}/api/classification/documents/:id",
              "host": ["{{baseUrl}}"],
              "path": ["api", "classification", "documents", ":id"],
              "variable": [
                {
                  "key": "id",
                  "value": "1",
                  "description": "The document ID to update"
                }
              ]
            },
            "description": "Update document fields (gender, location, documentName, metadata)"
          },
          "response": []
        },
        {
          "name": "Delete Document",
          "request": {
            "method": "DELETE",
            "header": [],
            "url": {
              "raw": "{{baseUrl}}/api/classification/documents/:id",
              "host": ["{{baseUrl}}"],
              "path": ["api", "classification", "documents", ":id"],
              "variable": [
                {
                  "key": "id",
                  "value": "1",
                  "description": "The document ID to delete"
                }
              ]
            },
            "description": "Delete a classification document"
          },
          "response": []
        }
      ]
    },
    {
      "name": "Codes",
      "item": [
        {
          "name": "Create Code",
          "request": {
            "method": "POST",
            "header": [
              {
                "key": "Content-Type",
                "value": "application/json"
              }
            ],
            "body": {
              "mode": "raw",
              "raw": "{\n  \"projectId\": 1,\n  \"codeName\": \"Theme A\",\n  \"priority\": 1,\n  \"description\": \"Description of the code\",\n  \"examples\": [\"Example 1\", \"Example 2\"],\n  \"colour\": \"#FF5733\"\n}"
            },
            "url": {
              "raw": "{{baseUrl}}/api/codes",
              "host": ["{{baseUrl}}"],
              "path": ["api", "codes"]
            },
            "description": "Create a new code for a project"
          },
          "response": []
        },
        {
          "name": "Get Codes by Project",
          "request": {
            "method": "GET",
            "header": [],
            "url": {
              "raw": "{{baseUrl}}/api/codes/project/:projectId",
              "host": ["{{baseUrl}}"],
              "path": ["api", "codes", "project", ":projectId"],
              "variable": [
                {
                  "key": "projectId",
                  "value": "1",
                  "description": "The project ID"
                }
              ]
            },
            "description": "Get all codes for a project (excludes deleted)"
          },
          "response": []
        },
        {
          "name": "Get Code by ID",
          "request": {
            "method": "GET",
            "header": [],
            "url": {
              "raw": "{{baseUrl}}/api/codes/:id",
              "host": ["{{baseUrl}}"],
              "path": ["api", "codes", ":id"],
              "variable": [
                {
                  "key": "id",
                  "value": "1",
                  "description": "The code ID"
                }
              ]
            },
            "description": "Get a single code by ID"
          },
          "response": []
        },
        {
          "name": "Update Code",
          "request": {
            "method": "PUT",
            "header": [
              {
                "key": "Content-Type",
                "value": "application/json"
              }
            ],
            "body": {
              "mode": "raw",
              "raw": "{\n  \"code_name\": \"Updated Theme\",\n  \"priority\": 2,\n  \"description\": \"Updated description\",\n  \"colour\": \"#33FF57\"\n}"
            },
            "url": {
              "raw": "{{baseUrl}}/api/codes/:id",
              "host": ["{{baseUrl}}"],
              "path": ["api", "codes", ":id"],
              "variable": [
                {
                  "key": "id",
                  "value": "1",
                  "description": "The code ID to update"
                }
              ]
            },
            "description": "Update a code"
          },
          "response": []
        },
        {
          "name": "Delete Code",
          "request": {
            "method": "DELETE",
            "header": [],
            "url": {
              "raw": "{{baseUrl}}/api/codes/:id",
              "host": ["{{baseUrl}}"],
              "path": ["api", "codes", ":id"],
              "variable": [
                {
                  "key": "id",
                  "value": "1",
                  "description": "The code ID to delete"
                }
              ]
            },
            "description": "Soft delete a code"
          },
          "response": []
        }
      ]
    },
    {
      "name": "Extractions",
      "item": [
        {
          "name": "Create Extraction",
          "request": {
            "method": "POST",
            "header": [
              {
                "key": "Content-Type",
                "value": "application/json"
              }
            ],
            "body": {
              "mode": "raw",
              "raw": "{\n  \"content\": \"This is an extracted quote from the document.\",\n  \"project\": 1,\n  \"classificationDocument\": 1,\n  \"codes\": [1, 2]\n}"
            },
            "url": {
              "raw": "{{baseUrl}}/api/extractions",
              "host": ["{{baseUrl}}"],
              "path": ["api", "extractions"]
            },
            "description": "Create a single extraction"
          },
          "response": []
        },
        {
          "name": "Create Bulk Extractions",
          "request": {
            "method": "POST",
            "header": [
              {
                "key": "Content-Type",
                "value": "application/json"
              }
            ],
            "body": {
              "mode": "raw",
              "raw": "{\n  \"extractions\": [\n    {\n      \"content\": \"First quote\",\n      \"project\": 1,\n      \"classificationDocument\": 1,\n      \"codes\": [1]\n    },\n    {\n      \"content\": \"Second quote\",\n      \"project\": 1,\n      \"classificationDocument\": 1,\n      \"codes\": [2]\n    }\n  ]\n}"
            },
            "url": {
              "raw": "{{baseUrl}}/api/extractions/bulk",
              "host": ["{{baseUrl}}"],
              "path": ["api", "extractions", "bulk"]
            },
            "description": "Create multiple extractions at once"
          },
          "response": []
        },
        {
          "name": "Get Extractions by Project",
          "request": {
            "method": "GET",
            "header": [],
            "url": {
              "raw": "{{baseUrl}}/api/extractions/project/:projectId?codes=1,2&codesMatch=or",
              "host": ["{{baseUrl}}"],
              "path": ["api", "extractions", "project", ":projectId"],
              "query": [
                {
                  "key": "codes",
                  "value": "1,2",
                  "description": "Comma-separated code IDs to filter by"
                },
                {
                  "key": "codesMatch",
                  "value": "or",
                  "description": "Match logic: 'or' (any code) or 'and' (all codes)"
                }
              ],
              "variable": [
                {
                  "key": "projectId",
                  "value": "1",
                  "description": "The project ID"
                }
              ]
            },
            "description": "Get extractions by project with optional code filtering. Includes flattened document metadata (file_path, gender, location, metadata)."
          },
          "response": []
        },
        {
          "name": "Get Extractions by Document",
          "request": {
            "method": "GET",
            "header": [],
            "url": {
              "raw": "{{baseUrl}}/api/extractions/document/:documentId",
              "host": ["{{baseUrl}}"],
              "path": ["api", "extractions", "document", ":documentId"],
              "variable": [
                {
                  "key": "documentId",
                  "value": "1",
                  "description": "The classification document ID"
                }
              ]
            },
            "description": "Get all extractions for a specific classification document"
          },
          "response": []
        },
        {
          "name": "Get Extraction by ID",
          "request": {
            "method": "GET",
            "header": [],
            "url": {
              "raw": "{{baseUrl}}/api/extractions/:id",
              "host": ["{{baseUrl}}"],
              "path": ["api", "extractions", ":id"],
              "variable": [
                {
                  "key": "id",
                  "value": "1",
                  "description": "The extraction ID"
                }
              ]
            },
            "description": "Get a single extraction by ID"
          },
          "response": []
        },
        {
          "name": "Update Extraction",
          "request": {
            "method": "PUT",
            "header": [
              {
                "key": "Content-Type",
                "value": "application/json"
              }
            ],
            "body": {
              "mode": "raw",
              "raw": "{\n  \"content\": \"Updated quote content\",\n  \"codes\": [1, 3]\n}"
            },
            "url": {
              "raw": "{{baseUrl}}/api/extractions/:id",
              "host": ["{{baseUrl}}"],
              "path": ["api", "extractions", ":id"],
              "variable": [
                {
                  "key": "id",
                  "value": "1",
                  "description": "The extraction ID to update"
                }
              ]
            },
            "description": "Update an extraction"
          },
          "response": []
        },
        {
          "name": "Update Checked Status",
          "request": {
            "method": "PATCH",
            "header": [
              {
                "key": "Content-Type",
                "value": "application/json"
              }
            ],
            "body": {
              "mode": "raw",
              "raw": "{\n  \"checked\": true\n}"
            },
            "url": {
              "raw": "{{baseUrl}}/api/extractions/:id/check",
              "host": ["{{baseUrl}}"],
              "path": ["api", "extractions", ":id", "check"],
              "variable": [
                {
                  "key": "id",
                  "value": "1",
                  "description": "The extraction ID"
                }
              ]
            },
            "description": "Mark an extraction as checked (true) or unchecked (false)"
          },
          "response": []
        },
        {
          "name": "Delete Extraction",
          "request": {
            "method": "DELETE",
            "header": [
              {
                "key": "Content-Type",
                "value": "application/json"
              }
            ],
            "body": {
              "mode": "raw",
              "raw": "{\n  \"feedback\": \"This quote was duplicated\"\n}"
            },
            "url": {
              "raw": "{{baseUrl}}/api/extractions/:id",
              "host": ["{{baseUrl}}"],
              "path": ["api", "extractions", ":id"],
              "variable": [
                {
                  "key": "id",
                  "value": "1",
                  "description": "The extraction ID to delete"
                }
              ]
            },
            "description": "Soft delete an extraction with optional feedback reason"
          },
          "response": []
        }
      ]
    },
    {
      "name": "Classification",
      "item": [
        {
          "name": "Run Classification",
          "request": {
            "method": "POST",
            "header": [
              {
                "key": "Content-Type",
                "value": "application/json"
              }
            ],
            "body": {
              "mode": "raw",
              "raw": "{\n  \"projectId\": 1,\n  \"documentIds\": [1, 2, 3]\n}"
            },
            "url": {
              "raw": "{{baseUrl}}/api/classify/run",
              "host": ["{{baseUrl}}"],
              "path": ["api", "classify", "run"]
            },
            "description": "Run AI classification on documents (max 5). Returns 202 immediately. Poll document status to check progress (analysis_status: 0=pending, 1=in-progress, 2=completed, 3=failed)."
          },
          "response": []
        }
      ]
    },
    {
      "name": "Summary",
      "item": [
        {
          "name": "Run Summary",
          "request": {
            "method": "POST",
            "header": [
              {
                "key": "Content-Type",
                "value": "application/json"
              }
            ],
            "body": {
              "mode": "raw",
              "raw": "{\n  \"extractionIds\": [1, 2, 3, 4, 5],\n  \"projectId\": 1\n}"
            },
            "url": {
              "raw": "{{baseUrl}}/api/summary/run",
              "host": ["{{baseUrl}}"],
              "path": ["api", "summary", "run"]
            },
            "description": "Generate an AI summary from selected extractions. Returns the summary text."
          },
          "response": []
        }
      ]
    }
  ]
}
